{"cameraMode":{"drawMode":0,"name":"Shaded","section":"Shading Mode"},"sceneLighting":true,"audioPlay":false,"sceneViewState":{"m_AlwaysRefresh":false,"showFog":true,"showSkybox":true,"showFlares":true,"showImageEffects":true,"showParticleSystems":true,"showVisualEffectGraphs":true,"m_FxEnabled":true},"in2DMode":false,"pivot":{"x":0.033551231026649478,"y":-2.44539737701416,"z":6.788633346557617},"rotation":{"x":-0.1749015748500824,"y":-0.007386721670627594,"z":0.001317539601586759,"w":-0.9845658540725708},"size":13.20755672454834,"orthographic":false}