{"cameraMode":{"drawMode":0,"name":"Shaded","section":"Shading Mode"},"sceneLighting":true,"audioPlay":false,"sceneViewState":{"m_AlwaysRefresh":false,"showFog":true,"showSkybox":true,"showFlares":true,"showImageEffects":true,"showParticleSystems":true,"showVisualEffectGraphs":true,"m_FxEnabled":true},"in2DMode":false,"pivot":{"x":0.3826163709163666,"y":0.29320594668388369,"z":-0.33628374338150027},"rotation":{"x":-0.33253273367881777,"y":-0.015007251873612404,"z":0.005261149723082781,"w":-0.9430325031280518},"size":4.0179924964904789,"orthographic":false}